<?xml version="1.0" encoding="UTF-8"?>
<project-private xmlns="http://www.netbeans.org/ns/project-private/1">
    <editor-bookmarks xmlns="http://www.netbeans.org/ns/editor-bookmarks/2" lastBookmarkId="0"/>
    <open-files xmlns="http://www.netbeans.org/ns/projectui-open-files/2">
        <group>
            <file>file:/C:/Me/ERP/src/com/inventory/DAO/UserDAO.java</file>
            <file>file:/C:/Me/ERP/src/com/inventory/DAO/CustomerDAO.java</file>
            <file>file:/C:/Me/ERP/src/com/inventory/DAO/SupplierDAO.java</file>
            <file>file:/C:/Me/ERP/src/com/inventory/UI/LoginPage.java</file>
            <file>file:/C:/Me/ERP/src/com/inventory/DAO/ProductDAO.java</file>
            <file>file:/C:/Me/ERP/src/com/inventory/Database/ConnectionFactory.java</file>
        </group>
    </open-files>
</project-private>
